,precision,recall,f1-score,support
Class 0,0.9748520710059172,0.950937950937951,0.9627465303140978,693.0
Class 1,0.993421052631579,0.9648562300319489,0.9789303079416531,313.0
Other,0.9849462365591398,0.9942112879884226,0.9895570759812747,2764.0
accuracy,0.9838196286472148,0.9838196286472148,0.9838196286472148,0.9838196286472148
macro avg,0.9844064533988787,0.9700018229861076,0.977077971412342,3770.0
weighted avg,0.9837943428462195,0.9838196286472148,0.9837464959961939,3770.0
