class_name,precision,recall,f1_score,support,accuracy
Class 0,0.9748520710059172,0.950937950937951,0.9627465303140978,693.0,0.0
Class 1,0.993421052631579,0.9648562300319489,0.9789303079416531,313.0,0.0
Other,0.9849462365591398,0.9942112879884226,0.9895570759812747,2764.0,0.0
