class_name,precision,recall,f1_score,support,accuracy
Class 0,0.9361069836552749,0.9722222222222222,0.9538228614685844,648.0,0.9838196286472148
Class 1,0.975609756097561,0.9859154929577465,0.9807355516637478,284.0,0.9970822281167109
Class 2,0.9921708185053381,0.9823819591261451,0.9872521246458924,2838.0,0.9809018567639257
