,precision,recall,f1-score,support
Class 0,0.9361069836552749,0.9722222222222222,0.9538228614685844,648.0
Class 1,0.975609756097561,0.9859154929577465,0.9807355516637478,284.0
Class 2,0.9921708185053381,0.9823819591261451,0.9872521246458924,2838.0
accuracy,0.9809018567639257,0.9809018567639257,0.9809018567639257,0.9809018567639257
macro avg,0.9679625194193914,0.9801732247687047,0.973936845926075,3770.0
weighted avg,0.9812868114213461,0.9809018567639257,0.9810152892968672,3770.0
Other Species,0.007829181494661922,0.023605150214592276,0.011758417958311063,
