class_name,precision,recall,f1_score,support,accuracy
Class 0,0.6882716049382716,0.9823788546255506,0.809437386569873,227.0,0.9192928516525749
Class 1,0.9959058341862845,0.9059590316573557,0.9488054607508533,1074.0,0.9192928516525749
