,precision,recall,f1-score,support
Apis mellifera,0.6882716049382716,0.9823788546255506,0.809437386569873,227.0
Other Species,0.9959058341862845,0.9059590316573557,0.9488054607508533,1074.0
accuracy,0.9192928516525749,0.9192928516525749,0.9192928516525749,0.9192928516525749
macro avg,0.842088719562278,0.9441689431414532,0.879121423660363,1301.0
weighted avg,0.9422294544481609,0.9192928516525749,0.9244883563395677,1301.0
