Percentile,Time_ms
0,5.9832
5,6.00457
10,6.01242
15,6.01732
20,6.02549
25,6.03075
30,6.03638
35,6.04116
40,6.04692
45,6.05257
50,6.05825
55,6.06344
60,6.06929
65,6.07508
70,6.07984
75,6.08573
80,6.09221
85,6.10095
90,6.12699
95,6.29147
100,7.526
