class_name,precision,recall,f1_score,support,accuracy
Class 0,0.9477401129943502,0.9696531791907514,0.9585714285714285,692.0,0.9846153846153847
Class 1,0.9817629179331308,0.9847560975609756,0.9832572298325722,328.0,0.9970822281167109
Class 2,0.9904866447127698,0.9843636363636363,0.9874156483676819,2750.0,0.9816976127320954
