,precision,recall,f1-score,support
Class 0,0.9477401129943502,0.9696531791907514,0.9585714285714285,692.0
Class 1,0.9817629179331308,0.9847560975609756,0.9832572298325722,328.0
Class 2,0.9904866447127698,0.9843636363636363,0.9874156483676819,2750.0
accuracy,0.9816976127320954,0.9816976127320954,0.9816976127320954,0.9816976127320954
macro avg,0.9733298918800836,0.9795909710384544,0.9764147689238941,3770.0
weighted avg,0.981881344359224,0.9816976127320954,0.9817593721399569,3770.0
Other Species,0.00951335528723015,0.025490196078431372,0.013855582200905943,
